<?xml version="1.0" encoding="iso-8859-1"?>
<sspaceex xmlns="http://www-verimag.imag.fr/xml-namespaces/sspaceex" version="0.2" math="SpaceEx">
  <component id="system">
    <param name="x" type="real" local="false" d1="1" d2="1" dynamics="any" />
    <param name="y" type="real" local="false" d1="1" d2="1" dynamics="any" />
    <param name="e1" type="label" local="false" />
    <param name="e2" type="label" local="false" />
    <param name="e3" type="label" local="false" />            
    <param name="e4" type="label" local="false" />
    <param name="e5" type="label" local="false" />
    <param name="e6" type="label" local="false" />
    <param name="e7" type="label" local="false" />
    <param name="e8" type="label" local="false" />
    <param name="e9" type="label" local="false" />
 	
    <location id="1" name="v1" x="357" y="960" width="135.0" height="73.0">
      <flow>1&lt;=x'&lt;=2 &amp; y'==1</flow>
    </location>
    <location id="2" name="v2" x="611" y="164" width="135.0" height="73.0">
      <invariant>y&lt;=5</invariant>
      <flow>x'==2 &amp; y'==1</flow>
    </location>
    <location id="3" name="v3" x="313" y="188" width="135.0" height="73.0">
      <invariant>x&gt;=5</invariant>
      <flow>x'==2 &amp; y'==1</flow>
    </location>
    <location id="4" name="v4" x="733" y="768" width="135.0" height="73.0">
      <invariant>y&lt;=3</invariant>
      <flow>0&lt;=x'&lt;=2 &amp; y'==1</flow>
    </location>
    <location id="5" name="v5" x="856" y="202" width="135.0" height="73.0">
      <invariant>x+2*y&lt;=12</invariant>
      <flow>x'==2 &amp; y'==2</flow>
    </location>
    <location id="6" name="v6" x="856" y="202" width="135.0" height="73.0">
      <flow>x'==1 &amp; y'==-2</flow>
    </location>
    <location id="7" name="v7" x="856" y="202" width="135.0" height="73.0">
      <flow>x'==0 &amp; y'==0</flow>
    </location>

    <transition source="1" target="2">
      <label>e1</label>
      <guard>y&lt;=5</guard>
      <labelposition x="456" y="812" />
    </transition>
    <transition source="2" target="3">
      <label>e2</label>
      <guard>x&gt;=3</guard>
      <labelposition x="246" y="674" />
    </transition>
    <transition source="3" target="4">
      <label>e3</label>
      <guard>x==5</guard>
      <labelposition x="277" y="714" />
    </transition>
    <transition source="4" target="1">
      <label>e4</label>
      <guard>x&gt;=7</guard>
      <labelposition x="325" y="702" />
    </transition>
    <transition source="2" target="5">
      <label>e5</label>
      <guard>y==5</guard>
      <assignment>x:=0</assignment>
      <labelposition x="343" y="946" />
    </transition>

    <transition source="5" target="6">
      <label>e6</label>
      <guard>x+2*y==12</guard>
      <labelposition x="277" y="714" />
    </transition>
    <transition source="6" target="3">
      <label>e7</label>
      <guard>x&lt;=3</guard>
      <labelposition x="277" y="714" />
    </transition>
    <transition source="3" target="6">
      <label>e8</label>
      <labelposition x="277" y="714" />
    </transition>
    <transition source="3" target="7">
      <label>e9</label>
      <guard>y==0</guard>
      <labelposition x="277" y="714" />
    </transition>
   
  </component>
</sspaceex>

