<?xml version="1.0" encoding="iso-8859-1"?>
<sspaceex xmlns="http://www-verimag.imag.fr/xml-namespaces/sspaceex" version="0.2" math="SpaceEx">
  <component id="system">
    <param name="x" type="real" local="false" d1="1" d2="1" dynamics="any" />
    <param name="y" type="real" local="false" d1="1" d2="1" dynamics="any" />
    <param name="e1" type="label" local="false" />
    <param name="e2" type="label" local="false" />
    <param name="e4" type="label" local="false" />
    <param name="e5" type="label" local="false" />
    <param name="e3" type="label" local="false" />
    <location id="1" name="v1" x="357" y="960" width="135.0" height="73.0">
      <invariant>y&lt;=10</invariant>
      <flow>x'==1 &amp; y'==1</flow>
    </location>
    <location id="2" name="v2" x="611" y="164" width="135.0" height="73.0">
      <invariant>x&lt;=2</invariant>
      <flow>x'==1 &amp; y'==1</flow>
    </location>
    <location id="3" name="v3" x="313" y="188" width="135.0" height="73.0">
      <invariant>y&gt;=5</invariant>
      <flow>x'==1 &amp; y'==-2</flow>
    </location>
    <location id="4" name="v4" x="733" y="768" width="135.0" height="73.0">
      <invariant>x&lt;=2</invariant>
      <flow>x'==1 &amp; y'==-2</flow>
    </location>
    <location id="5" name="v5" x="856" y="202" width="135.0" height="73.0">
      <flow>x'==0 &amp; y'==0</flow>
    </location>
    <transition source="1" target="2">
      <label>e1</label>
      <guard>y==10</guard>
      <assignment>x:=0</assignment>
      <labelposition x="456" y="812" />
    </transition>
    <transition source="2" target="3">
      <label>e2</label>
      <guard>x==2</guard>
      <labelposition x="246" y="674" />
    </transition>
    <transition source="4" target="1">
      <label>e4</label>
      <guard>x==2</guard>
      <labelposition x="325" y="702" />
    </transition>
    <transition source="1" target="5">
      <label>e5</label>
      <guard>y==0</guard>
      <labelposition x="343" y="946" />
    </transition>
    <transition source="3" target="4">
      <label>e3</label>
      <guard>y==5</guard>
      <assignment>x:=0</assignment>
      <labelposition x="277" y="714" />
    </transition>
  </component>
</sspaceex>
