<?xml version="1.0" encoding="iso-8859-1"?>
<sspaceex xmlns="http://www-verimag.imag.fr/xml-namespaces/sspaceex" version="0.2" math="SpaceEx">
  <component id="system">
    <param name="x_1" type="real" local="false" d1="1" d2="1" dynamics="any" />
    <param name="x_2" type="real" local="false" d1="1" d2="1" dynamics="any" />
    <param name="x_3" type="real" local="false" d1="1" d2="1" dynamics="any" />
    <param name="x_4" type="real" local="false" d1="1" d2="1" dynamics="any" />
    <param name="x_5" type="real" local="false" d1="1" d2="1" dynamics="any" />
    <param name="x_6" type="real" local="false" d1="1" d2="1" dynamics="any" />
    <param name="x_7" type="real" local="false" d1="1" d2="1" dynamics="any" />
    <param name="x_8" type="real" local="false" d1="1" d2="1" dynamics="any" />
    <param name="x_9" type="real" local="false" d1="1" d2="1" dynamics="any" />
    <param name="x_10" type="real" local="false" d1="1" d2="1" dynamics="any" />
    <param name="e_1" type="label" local="false" />
    <param name="e_2" type="label" local="false" />
    <param name="e_3" type="label" local="false" />
    <param name="e_4" type="label" local="false" />
    <param name="e_5" type="label" local="false" />
    <param name="e_6" type="label" local="false" />
    <param name="e_7" type="label" local="false" />
    <param name="e_8" type="label" local="false" />
    <param name="e_9" type="label" local="false" />
    <param name="e_10" type="label" local="false" />
    <param name="e_11" type="label" local="false" />
    <param name="e_12" type="label" local="false" />
    <param name="e_13" type="label" local="false" />
    <param name="e_14" type="label" local="false" />
    <param name="e_15" type="label" local="false" />
    <param name="e_16" type="label" local="false" />
    <param name="e_17" type="label" local="false" />
    <param name="e_18" type="label" local="false" />
    <param name="e_19" type="label" local="false" />
    <param name="e_20" type="label" local="false" />
    <param name="e_21" type="label" local="false" />
    <param name="e_22" type="label" local="false" />
    <param name="e_23" type="label" local="false" />
    <param name="e_24" type="label" local="false" />
    <param name="e_25" type="label" local="false" />
    <param name="e_26" type="label" local="false" />
    <param name="e_27" type="label" local="false" />
    <location id="1" name="v_1" x="514" y="830" width="135.0" height="73.0">
      <invariant>2&lt;=x_1-x_2&lt;=10 &amp; 2&lt;=x_2-x_3&lt;=10 &amp; 2&lt;=x_3-x_4&lt;=10 &amp; 2&lt;=x_4-x_5&lt;=10 &amp; 2&lt;=x_5-x_6&lt;=10 &amp; 2&lt;=x_6-x_7&lt;=10 &amp; 2&lt;=x_7-x_8&lt;=10 &amp; 2&lt;=x_8-x_9&lt;=10 &amp; 2&lt;=x_9-x_10&lt;=10</invariant>
      <flow>8&lt;=x_1'&lt;=10 &amp; 8&lt;=x_2'&lt;=10 &amp; 8&lt;=x_3'&lt;=10 &amp; 8&lt;=x_4'&lt;=10 &amp; 8&lt;=x_5'&lt;=10 &amp; 8&lt;=x_6'&lt;=10 &amp; 8&lt;=x_7'&lt;=10 &amp; 8&lt;=x_8'&lt;=10 &amp; 8&lt;=x_9'&lt;=10 &amp; 8&lt;=x_10'&lt;=10</flow>
    </location>
    <location id="2" name="v_2" x="363" y="139" width="135.0" height="73.0">
      <invariant>0&lt;=x_1-x_2&lt;=10 &amp; 0&lt;=x_2-x_3&lt;=10 &amp; 0&lt;=x_3-x_4&lt;=10 &amp; 0&lt;=x_4-x_5&lt;=10 &amp; 0&lt;=x_5-x_6&lt;=10 &amp; 0&lt;=x_6-x_7&lt;=10 &amp; 0&lt;=x_7-x_8&lt;=10 &amp; 0&lt;=x_8-x_9&lt;=10 &amp; 0&lt;=x_9-x_10&lt;=10</invariant>
      <flow>x_1'==12 &amp; x_2'==10 &amp; 8&lt;=x_3'&lt;=10 &amp; 8&lt;=x_4'&lt;=10 &amp; 8&lt;=x_5'&lt;=10 &amp; 8&lt;=x_6'&lt;=10 &amp; 8&lt;=x_7'&lt;=10 &amp; 8&lt;=x_8'&lt;=10 &amp; 8&lt;=x_9'&lt;=10 &amp; 8&lt;=x_10'&lt;=10</flow>
    </location>
    <location id="3" name="v_3" x="841" y="455" width="135.0" height="73.0">
      <invariant>0&lt;=x_1-x_2&lt;=10 &amp; 0&lt;=x_2-x_3&lt;=10 &amp; 0&lt;=x_3-x_4&lt;=10 &amp; 0&lt;=x_4-x_5&lt;=10 &amp; 0&lt;=x_5-x_6&lt;=10 &amp; 0&lt;=x_6-x_7&lt;=10 &amp; 0&lt;=x_7-x_8&lt;=10 &amp; 0&lt;=x_8-x_9&lt;=10 &amp; 0&lt;=x_9-x_10&lt;=10</invariant>
      <flow>x_1'==12 &amp; x_2'==12 &amp; x_3'==10 &amp; 8&lt;=x_4'&lt;=10 &amp; 8&lt;=x_5'&lt;=10 &amp; 8&lt;=x_6'&lt;=10 &amp; 8&lt;=x_7'&lt;=10 &amp; 8&lt;=x_8'&lt;=10 &amp; 8&lt;=x_9'&lt;=10 &amp; 8&lt;=x_10'&lt;=10</flow>
    </location>
    <location id="4" name="v_4" x="294" y="626" width="135.0" height="73.0">
      <invariant>0&lt;=x_1-x_2&lt;10 &amp; 0&lt;=x_2-x_3&lt;=10 &amp; 0&lt;=x_3-x_4&lt;=10 &amp; 0&lt;=x_4-x_5&lt;=10 &amp; 0&lt;=x_5-x_6&lt;=10 &amp; 0&lt;=x_6-x_7&lt;=10 &amp; 0&lt;=x_7-x_8&lt;=10 &amp; 0&lt;=x_8-x_9&lt;=10 &amp; 0&lt;=x_9-x_10&lt;=10</invariant>
      <flow>x_1'==12 &amp; x_2'==12 &amp; x_3'==12 &amp; x_4'==10 &amp; 8&lt;=x_5'&lt;=10 &amp; 8&lt;=x_6'&lt;=10 &amp; 8&lt;=x_7'&lt;=10 &amp; 8&lt;=x_8'&lt;=10 &amp; 8&lt;=x_9'&lt;=10 &amp; 8&lt;=x_10'&lt;=10</flow>
    </location>
    <location id="5" name="v_5" x="598" y="964" width="135.0" height="73.0">
      <invariant>0&lt;=x_1-x_2&lt;=10 &amp; 0&lt;=x_2-x_3&lt;=10 &amp; 0&lt;=x_3-x_4&lt;=10 &amp; 0&lt;=x_4-x_5&lt;=0 &amp; 0&lt;=x_5-x_6&lt;=10 &amp; 0&lt;=x_6-x_7&lt;=10 &amp; 0&lt;=x_7-x_8&lt;=10 &amp; 0&lt;=x_8-x_9&lt;=10 &amp; 0&lt;=x_9-x_10&lt;=10</invariant>
      <flow>x_1'==12 &amp; x_2'==12 &amp; x_3'==12 &amp; x_4'==12 &amp; x_5'==10 &amp; 8&lt;=x_6'&lt;=10 &amp; 8&lt;=x_7'&lt;=10 &amp; 8&lt;=x_8'&lt;=10 &amp; 8&lt;=x_9'&lt;=10 &amp; 8&lt;=x_10'&lt;=10</flow>
    </location>
    <location id="6" name="v_6" x="110" y="734" width="135.0" height="73.0">
      <invariant>0&lt;=x_1-x_2&lt;=10 &amp; 0&lt;=x_2-x_3&lt;=10 &amp; 0&lt;=x_3-x_4&lt;=10 &amp; 0&lt;=x_4-x_5&lt;=10 &amp; 0&lt;=x_5-x_6&lt;=10 &amp; 0&lt;=x_6-x_7&lt;=10 &amp; 0&lt;=x_7-x_8&lt;=10 &amp; 0&lt;=x_8-x_9&lt;=10 &amp; 0&lt;=x_9-x_10&lt;=10</invariant>
      <flow>x_1'==12 &amp; x_2'==12 &amp; x_3'==12 &amp; x_4'==12 &amp; x_5'==12 &amp; x_6'==10 &amp; 8&lt;=x_7'&lt;=10 &amp; 8&lt;=x_8'&lt;=10 &amp; 8&lt;=x_9'&lt;=10 &amp; 8&lt;=x_10'&lt;=10</flow>
    </location>
    <location id="7" name="v_7" x="907" y="235" width="135.0" height="73.0">
      <invariant>0&lt;=x_1-x_2&lt;=10 &amp; 0&lt;=x_2-x_3&lt;=10 &amp; 0&lt;=x_3-x_4&lt;=10 &amp; 0&lt;=x_4-x_5&lt;=10 &amp; 0&lt;=x_5-x_6&lt;=10 &amp; 0&lt;=x_6-x_7&lt;=10 &amp; 0&lt;=x_7-x_8&lt;=10 &amp; 0&lt;=x_8-x_9&lt;=10 &amp; 0&lt;=x_9-x_10&lt;=10</invariant>
      <flow>x_1'==12 &amp; x_2'==12 &amp; x_3'==12 &amp; x_4'==12 &amp; x_5'==12 &amp; x_6'==12 &amp; x_7'==10 &amp; 8&lt;=x_8'&lt;=10 &amp; 8&lt;=x_9'&lt;=10 &amp; 8&lt;=x_10'&lt;=10</flow>
    </location>
    <location id="8" name="v_8" x="903" y="831" width="135.0" height="73.0">
      <invariant>0&lt;=x_1-x_2&lt;=10 &amp; 0&lt;=x_2-x_3&lt;=10 &amp; 0&lt;=x_3-x_4&lt;=10 &amp; 0&lt;=x_4-x_5&lt;=10 &amp; 0&lt;=x_5-x_6&lt;=10 &amp; 0&lt;=x_6-x_7&lt;=10 &amp; 0&lt;=x_7-x_8&lt;=10 &amp; 0&lt;=x_8-x_9&lt;=10 &amp; 0&lt;=x_9-x_10&lt;=10</invariant>
      <flow>x_1'==12 &amp; x_2'==12 &amp; x_3'==12 &amp; x_4'==12 &amp; x_5'==12 &amp; x_6'==12 &amp; x_7'==12 &amp; x_8'==10 &amp; 8&lt;=x_9'&lt;=10 &amp; 8&lt;=x_10'&lt;=10</flow>
    </location>
    <location id="9" name="v_9" x="683" y="674" width="135.0" height="73.0">
      <invariant>0&lt;=x_1-x_2&lt;=10 &amp; 0&lt;=x_2-x_3&lt;=10 &amp; 0&lt;=x_3-x_4&lt;=10 &amp; 0&lt;=x_4-x_5&lt;=10 &amp; 0&lt;=x_5-x_6&lt;=10 &amp; 0&lt;=x_6-x_7&lt;=10 &amp; 0&lt;=x_7-x_8&lt;=10 &amp; 0&lt;=x_8-x_9&lt;=10 &amp; 0&lt;=x_9-x_10&lt;=10</invariant>
      <flow>x_1'==12 &amp; x_2'==12 &amp; x_3'==12 &amp; x_4'==12 &amp; x_5'==12 &amp; x_6'==12 &amp; x_7'==12 &amp; x_8'==12 &amp; x_9'==10 &amp; 8&lt;=x_10'&lt;=10</flow>
    </location>
    <location id="10" name="v_10" x="559" y="190" width="135.0" height="73.0">
      <invariant>0&lt;=x_1-x_2&lt;=10 &amp; 0&lt;=x_2-x_3&lt;=10 &amp; 0&lt;=x_3-x_4&lt;=10 &amp; 0&lt;=x_4-x_5&lt;=10 &amp; 0&lt;=x_5-x_6&lt;=10 &amp; 0&lt;=x_6-x_7&lt;=10 &amp; 0&lt;=x_7-x_8&lt;=10 &amp; 0&lt;=x_8-x_9&lt;=10 &amp; 0&lt;=x_9-x_10&lt;=10</invariant>
      <flow>x_1'==12 &amp; x_2'==12 &amp; x_3'==12 &amp; x_4'==12 &amp; x_5'==12 &amp; x_6'==12 &amp; x_7'==12 &amp; x_8'==12 &amp; x_9'==12 &amp; x_10'==10</flow>
    </location>
    <location id="11" name="v_11" x="635" y="405" width="135.0" height="73.0">
      <flow>x_1'==12 &amp; x_2'==12 &amp; x_3'==12 &amp; x_4'==12 &amp; x_5'==12 &amp; x_6'==12 &amp; x_7'==12 &amp; x_8'==12 &amp; x_9'==12 &amp; x_10'==12</flow>
    </location>
    <transition source="1" target="2">
      <label>e_1</label>
      <guard>x_1-x_2&lt;=4</guard>
      <labelposition x="467" y="619" />
    </transition>
    <transition source="2" target="1">
      <label>e_2</label>
      <guard>x_1-x_2&gt;=4</guard>
      <labelposition x="884" y="160" />
    </transition>
    <transition source="2" target="11">
      <label>e_3</label>
      <guard>x_1-x_2&lt;=1</guard>
      <labelposition x="987" y="865" />
    </transition>
    <transition source="1" target="3">
      <label>e_4</label>
      <guard>x_2-x_3&lt;=4</guard>
      <labelposition x="469" y="840" />
    </transition>
    <transition source="3" target="1">
      <label>e_5</label>
      <guard>x_2-x_3&gt;=4</guard>
      <labelposition x="328" y="535" />
    </transition>
    <transition source="3" target="11">
      <label>e_6</label>
      <guard>x_2-x_3&lt;=1</guard>
      <labelposition x="764" y="411" />
    </transition>
    <transition source="1" target="4">
      <label>e_7</label>
      <guard>x_3-x_4&lt;=4</guard>
      <labelposition x="303" y="299" />
    </transition>
    <transition source="4" target="1">
      <label>e_8</label>
      <guard>x_3-x_4&gt;=4</guard>
      <labelposition x="604" y="471" />
    </transition>
    <transition source="4" target="11">
      <label>e_9</label>
      <guard>x_3-x_4&lt;=1</guard>
      <labelposition x="474" y="980" />
    </transition>
    <transition source="1" target="5">
      <label>e_10</label>
      <guard>x_4-x_5&lt;=4</guard>
      <labelposition x="802" y="251" />
    </transition>
    <transition source="5" target="1">
      <label>e_11</label>
      <guard>x_4-x_5&gt;=4</guard>
      <labelposition x="952" y="105" />
    </transition>
    <transition source="5" target="11">
      <label>e_12</label>
      <guard>x_4-x_5&lt;=1</guard>
      <labelposition x="72" y="248" />
    </transition>
    <transition source="1" target="6">
      <label>e_13</label>
      <guard>x_5-x_6&lt;=4</guard>
      <labelposition x="329" y="398" />
    </transition>
    <transition source="6" target="1">
      <label>e_14</label>
      <guard>x_5-x_6&gt;=4</guard>
      <labelposition x="858" y="945" />
    </transition>
    <transition source="6" target="11">
      <label>e_15</label>
      <guard>x_5-x_6&lt;=1</guard>
      <labelposition x="110" y="439" />
    </transition>
    <transition source="1" target="7">
      <label>e_16</label>
      <guard>x_6-x_7&lt;=4</guard>
      <labelposition x="951" y="261" />
    </transition>
    <transition source="7" target="1">
      <label>e_17</label>
      <guard>x_6-x_7&gt;=4</guard>
      <labelposition x="95" y="56" />
    </transition>
    <transition source="7" target="11">
      <label>e_18</label>
      <guard>x_6-x_7&lt;=1</guard>
      <labelposition x="259" y="690" />
    </transition>
    <transition source="1" target="8">
      <label>e_19</label>
      <guard>x_7-x_8&lt;=4</guard>
      <labelposition x="175" y="719" />
    </transition>
    <transition source="8" target="1">
      <label>e_20</label>
      <guard>x_7-x_8&gt;=4</guard>
      <labelposition x="416" y="394" />
    </transition>
    <transition source="8" target="11">
      <label>e_21</label>
      <guard>x_7-x_8&lt;=1</guard>
      <labelposition x="965" y="133" />
    </transition>
    <transition source="1" target="9">
      <label>e_22</label>
      <guard>x_8-x_9&lt;=4</guard>
      <labelposition x="293" y="442" />
    </transition>
    <transition source="9" target="1">
      <label>e_23</label>
      <guard>x_8-x_9&gt;=4</guard>
      <labelposition x="719" y="761" />
    </transition>
    <transition source="9" target="11">
      <label>e_24</label>
      <guard>x_8-x_9&lt;=1</guard>
      <labelposition x="85" y="793" />
    </transition>
    <transition source="1" target="10">
      <label>e_25</label>
      <guard>x_9-x_10&lt;=4</guard>
      <labelposition x="351" y="444" />
    </transition>
    <transition source="10" target="1">
      <label>e_26</label>
      <guard>x_9-x_10&gt;=4</guard>
      <labelposition x="133" y="382" />
    </transition>
    <transition source="10" target="11">
      <label>e_27</label>
      <guard>x_9-x_10&lt;=1</guard>
      <labelposition x="173" y="339" />
    </transition>
  </component>
</sspaceex>
