<?xml version="1.0" encoding="iso-8859-1"?>
<sspaceex xmlns="http://www-verimag.imag.fr/xml-namespaces/sspaceex" version="0.2" math="SpaceEx">
  <component id="system">
    <param name="x1" type="real" local="false" d1="1" d2="1" dynamics="any" />
    <param name="x2" type="real" local="false" d1="1" d2="1" dynamics="any" />
    <param name="x3" type="real" local="false" d1="1" d2="1" dynamics="any" />
    <param name="x4" type="real" local="false" d1="1" d2="1" dynamics="any" />
    <param name="x5" type="real" local="false" d1="1" d2="1" dynamics="any" />
	<param name="p1" type="real" local="false" d1="1" d2="1" dynamics="any" />
	<param name="p2" type="real" local="false" d1="1" d2="1" dynamics="any" />
	<param name="p3" type="real" local="false" d1="1" d2="1" dynamics="any" />
	<param name="p4" type="real" local="false" d1="1" d2="1" dynamics="any" />
	<param name="p5" type="real" local="false" d1="1" d2="1" dynamics="any" />
    <param name="e5" type="label" local="false" />
    <param name="e6" type="label" local="false" />
    <param name="e3" type="label" local="false" />
    <param name="e4" type="label" local="false" />
    <param name="e1" type="label" local="false" />
    <param name="e2" type="label" local="false" />
    <param name="e9" type="label" local="false" />
    <param name="e10" type="label" local="false" />
    <param name="e11" type="label" local="false" />
    <param name="e8" type="label" local="false" />
    <param name="e12" type="label" local="false" />
    <param name="e7" type="label" local="false" />
    <location id="1" name="v6" x="1171.0" y="473.0" width="135.0" height="73.0">
      <invariant>0&lt;=x1-x2&lt;=10 &amp; 0&lt;=x2-x3&lt;=10 &amp; 0&lt;=x3-x4&lt;=10 &amp; 0&lt;=x4-x5&lt;=10</invariant>
      <flow>x1'==12 &amp; x2'==12 &amp; x3'==12 &amp; x4'==12 &amp; x5'==12</flow>
    </location>
    <location id="2" name="v2" x="573.0" y="123.0" width="239.0" height="123.0">
      <invariant>8&lt;=p3&lt;=10 &amp; 8&lt;=p4&lt;=10 &amp; 8&lt;=p5&lt;=10 &amp; 0&lt;=x1-x2&lt;=10 &amp; 0&lt;=x2-x3&lt;=10 &amp; 0&lt;=x3-x4&lt;=10 &amp; 0&lt;=x4-x5&lt;=10</invariant>
      <flow>x1'==12 &amp; x2'==10 &amp; x3'==p3 &amp; x4'==p4 &amp; x5'==p5</flow>
    </location>
    <location id="3" name="v4" x="679.0" y="618.0" width="135.0" height="73.0">
      <invariant>8&lt;=p5&lt;=10 &amp; 0&lt;=x1-x2&lt;=10 &amp; 0&lt;=x2-x3&lt;=10 &amp; 0&lt;x3-x4&lt;=10 &amp; 0&lt;=x4-x5&lt;=10</invariant>
      <flow>x1'==12 &amp; x2'==12 &amp; x3'==12 &amp; x4'==10 &amp;  x5'==p5</flow>
    </location>
    <location id="4" name="v1" x="222.5" y="481.0" width="329.0" height="173.0">
      <invariant>8&lt;=p1&lt;=10 &amp; 8&lt;=p2&lt;=10 &amp; 8&lt;=p3&lt;=10 &amp; 8&lt;=p4&lt;=10 &amp; 8&lt;=p5&lt;=10 &amp; 2&lt;=x1-x2&lt;=10 &amp; 2&lt;=x2-x3&lt;=10 &amp; 2&lt;=x3-x4&lt;=10 &amp; 2&lt;=x4-x5&lt;=10</invariant>
      <flow>x1'==p1 &amp; x2'==p2 &amp; x3'==p3 &amp; x4'==p4 &amp; x5'==p5</flow>
    </location>
    <location id="5" name="v3" x="619.0" y="296.0" width="135.0" height="73.0">
      <invariant> 8&lt;=p4&lt;=10 &amp; 8&lt;=p5&lt;=10 &amp; 0&lt;=x1-x2&lt;=10 &amp; 0&lt;=x2-x3&lt;=10 &amp; 0&lt;=x3-x4&lt;=10 &amp; 0&lt;=x4-x5&lt;=10</invariant>
      <flow>x1'==12 &amp; x2'==12 &amp; x3'==10 &amp; x4'==p4 &amp; x5'==p5</flow>
    </location>
    <location id="6" name="v5" x="659.0" y="453.0" width="135.0" height="73.0">
      <invariant>0&lt;=x1-x2&lt;=10 &amp; 0&lt;=x2-x3&lt;=10 &amp; 0&lt;=x3-x4&lt;=10 &amp; 0&lt;=x4-x5&lt;=10</invariant>
      <flow>x1'==12 &amp; x2'==12 &amp; x3'==12 &amp; x4'==12 &amp; x5'==10</flow>
    </location>
    <transition source="4" target="3">
      <label>e5</label>
      <guard>x3-x4&lt;=4</guard>
      <labelposition x="451.0" y="124.0" width="98.0" height="142.0" />
    </transition>
    <transition source="3" target="4">
      <label>e6</label>
      <guard>x3-x4&gt;=4</guard>
      <labelposition x="544" y="294" />
    </transition>
    <transition source="4" target="5">
      <label>e3</label>
      <guard>x2-x3&lt;=4</guard>
      <labelposition x="152.0" y="407.0" width="150.0" height="138.0" />
    </transition>
    <transition source="5" target="4">
      <label>e4</label>
      <guard>x2-x3&gt;=4</guard>
      <labelposition x="397.0" y="-302.0" width="112.0" height="182.0" />
    </transition>
    <transition source="4" target="2">
      <label>e1</label>
      <guard>x1-x2&lt;4</guard>
      <labelposition x="538.0" y="251.0" />
    </transition>
    <transition source="2" target="4">
      <label>e2</label>
      <guard>x1-x2&gt;=4</guard>
      <labelposition x="0.0" y="-98.0" />
    </transition>
    <transition source="2" target="1">
      <label>e9</label>
      <guard>x1-x2&lt;=1</guard>
      <labelposition x="356" y="390" />
    </transition>
    <transition source="5" target="1">
      <label>e10</label>
      <guard>x2-x3&lt;=1</guard>
      <labelposition x="101" y="761" />
    </transition>
    <transition source="3" target="1">
      <label>e11</label>
      <guard>x3-x4&lt;=1</guard>
      <labelposition x="125" y="328" />
    </transition>
    <transition source="6" target="4">
      <label>e8</label>
      <guard>x4-x5&gt;=4</guard>
      <labelposition x="446" y="715" />
    </transition>
    <transition source="6" target="1">
      <label>e12</label>
      <guard>x4-x5&lt;=1</guard>
      <labelposition x="267" y="809" />
    </transition>
    <transition source="4" target="6">
      <label>e7</label>
      <guard>x4-x5&lt;=4</guard>
      <labelposition x="773" y="374" />
    </transition>
  </component>
</sspaceex>

