<?xml version="1.0" encoding="iso-8859-1"?>
<sspaceex xmlns="http://www-verimag.imag.fr/xml-namespaces/sspaceex" version="0.2" math="SpaceEx">
  <component id="system">
    <param name="x" type="real" local="false" d1="1" d2="1" dynamics="any" />
    <param name="t" type="real" local="false" d1="1" d2="1" dynamics="any" />
    <param name="e1" type="label" local="false" />
    <param name="e3" type="label" local="false" />
    <param name="e2" type="label" local="false" />
    <param name="e4" type="label" local="false" />
    <param name="e10" type="label" local="false" />
    <param name="e6" type="label" local="false" />
    <param name="e7" type="label" local="false" />
    <param name="e8" type="label" local="false" />
    <param name="e9" type="label" local="false" />
    <param name="e5" type="label" local="false" />
    <param name="e11" type="label" local="false" />
    <location id="1" name="v1" x="963" y="915" width="135.0" height="73.0">
      <invariant>x&lt;=450 &amp; t&lt;=5</invariant>
      <flow>x'==50 &amp; t'==1</flow>
    </location>
    <location id="2" name="v2" x="768" y="321" width="135.0" height="73.0">
      <invariant>x&lt;=500 &amp; t&lt;=0.01</invariant>
      <flow>x'==30 &amp; t'==1</flow>
    </location>
    <location id="3" name="v3" x="363" y="497" width="135.0" height="73.0">
      <invariant>x&lt;=500 &amp; t&lt;=0.5</invariant>
      <flow>x'==40 &amp; t'==1</flow>
    </location>
    <location id="4" name="v4" x="591" y="623" width="135.0" height="73.0">
      <invariant>x&lt;=500 &amp; t&lt;=5</invariant>
      <flow>x'==50 &amp; t'==1</flow>
    </location>
    <location id="5" name="v5" x="276" y="598" width="135.0" height="73.0">
      <invariant>t&lt;=5</invariant>
      <flow>10&lt;=x'&lt;=15 &amp; t'==1</flow>
    </location>
    <location id="6" name="v6" x="400" y="308" width="135.0" height="73.0">
      <invariant>t&lt;=5</invariant>
      <flow>10&lt;=x'&lt;=15 &amp; t'==1</flow>
    </location>
    <location id="7" name="v7" x="987" y="666" width="135.0" height="73.0">
      <flow>x'==0 &amp; t'==0</flow>
    </location>
    <transition source="1" target="2">
      <label>e1</label>
      <guard></guard>
      <assignment>t:=0</assignment>
      <labelposition x="421" y="160" />
    </transition>
    <transition source="2" target="3">
      <label>e3</label>
      <guard></guard>
      <labelposition x="343" y="89" />
    </transition>
    <transition source="2" target="1">
      <label>e2</label>
      <guard></guard>
      <labelposition x="411" y="738" />
    </transition>
    <transition source="3" target="4">
      <label>e4</label>
      <guard></guard>
      <labelposition x="788" y="145" />
    </transition>
    <transition source="4" target="1">
      <label>e10</label>
      <guard></guard>
      <labelposition x="924" y="703" />
    </transition>
    <transition source="4" target="5">
      <label>e6</label>
      <guard>t==5</guard>
      <assignment>t:=0</assignment>
      <labelposition x="158" y="771" />
    </transition>
    <transition source="4" target="6">
      <label>e7</label>
      <guard>x==500</guard>
      <assignment>t:=0</assignment>
      <labelposition x="760" y="827" />
    </transition>
    <transition source="1" target="5">
      <label>e8</label>
      <guard>t==5</guard>
      <assignment>t:=0</assignment>
      <labelposition x="620" y="590" />
    </transition>
    <transition source="1" target="6">
      <label>e9</label>
      <guard>x==450</guard>
      <assignment>t:=0</assignment>
      <labelposition x="834" y="968" />
    </transition>
    <transition source="3" target="1">
      <label>e5</label>
      <guard></guard>
      <labelposition x="95" y="203" />
    </transition>
    <transition source="6" target="7">
      <label>e11</label>
      <guard>x&gt;=600</guard>
      <labelposition x="839" y="59" />
    </transition>
  </component>
</sspaceex>
