<?xml version="1.0" encoding="iso-8859-1"?>
<sspaceex xmlns="http://www-verimag.imag.fr/xml-namespaces/sspaceex" version="0.2" math="SpaceEx">
  <component id="system">
    <param name="x1" type="real" local="false" d1="1" d2="1" dynamics="any" />
    <param name="x2" type="real" local="false" d1="1" d2="1" dynamics="any" />
    <param name="th" type="real" local="false" d1="1" d2="1" dynamics="any" />
    <param name="e1" type="label" local="false" />
    <param name="e2" type="label" local="false" />
    <param name="e3" type="label" local="false" />
    <param name="e4" type="label" local="false" />
    <param name="e5" type="label" local="false" />
    <location id="1" name="v1" x="705" y="297" width="135.0" height="73.0">
      <invariant>th&lt;=15</invariant>
      <flow>x1'==1 &amp; x2'==1 &amp; 0.9&lt;=th'&lt;=1.1</flow>
    </location>
    <location id="2" name="v2" x="69" y="612" width="135.0" height="73.0">
      <invariant>th&gt;=3</invariant>
      <flow>x1'==1 &amp; x2'==1 &amp; -4.1&lt;=th'&lt;=-3.9</flow>
    </location>
    <location id="3" name="v3" x="87" y="147" width="135.0" height="73.0">
      <invariant>th&gt;=3</invariant>
      <flow>x1'==1 &amp; x2'==1 &amp; -3.1&lt;=th'&lt;=-2.9</flow>
    </location>
    <location id="4" name="v4" x="393" y="57" width="135.0" height="73.0">
      <flow>x1'==0 &amp; x2'==0 &amp; th'==0</flow>
    </location>
    <transition source="1" target="2">
      <label>e1</label>
      <guard>th==15 &amp; x1&gt;=6</guard>
      <labelposition x="491" y="161" />
    </transition>
    <transition source="2" target="1">
      <label>e2</label>
      <guard>th==3</guard>
      <assignment>x1:=0</assignment>
      <labelposition x="733" y="684" />
    </transition>
    <transition source="1" target="3">
      <label>e3</label>
      <guard>x2&gt;=6 &amp; th==15</guard>
      <labelposition x="581" y="589" />
    </transition>
    <transition source="3" target="1">
      <label>e4</label>
      <guard>th==3</guard>
      <assignment>x2:=0</assignment>
      <labelposition x="493" y="402" />
    </transition>
    <transition source="1" target="4">
      <label>e5</label>
      <guard>x1&lt;6 &amp; x2&lt;6 &amp; th==15</guard>
      <labelposition x="83" y="872" />
    </transition>
  </component>
</sspaceex>
